{"w": [0.7804895612696445, 0.8864723903487172, 0.2733107035367545, 0.39998400016, -0.6045069502486483], "b": -0.5266775829953493}